<?xml version="1.0"?>
<ruleset name="WordPress Coding Standards for Plugins">
	<description>Generally-applicable sniffs for WordPress plugins</description>

	<rule ref="WordPress">
		<exclude name="Squiz.Commenting.FunctionComment.Missing" />
		<exclude name="Squiz.Commenting.FunctionComment.MissingParamTag" />
		<exclude name="Squiz.Commenting.FileComment.WrongStyle" />
		<exclude name="Squiz.Commenting.FunctionComment.WrongStyle" />
		<exclude name="Squiz.Commenting.ClassComment.WrongStyle" />
		<exclude name="Squiz.Commenting.VariableComment.Missing" />
		<exclude name="Squiz.Commenting.VariableComment.WrongStyle" />
		<exclude name="Squiz.Commenting.InlineComment.InvalidEndChar" />
		<exclude name="Universal.Arrays.DisallowShortArraySyntax.Found" />
	</rule>

	<rule ref="WordPress-Core">
		<exclude name="Generic.Files.LowercasedFilename.NotFound" />
		<exclude name="WordPress.Files.FileName.NotHyphenatedLowercase" />
		<exclude name="WordPress.Files.FileName.InvalidClassFileName" />
		<exclude name="WordPress.Arrays.ArrayDeclarationSpacing.AssociativeKeyFound" />
	</rule>

	<rule ref="WordPress-Docs">
		<exclude name="Squiz.Commenting.FileComment.Missing" />
		<exclude name="Squiz.Commenting.ClassComment.Missing" />
		<exclude name="Squiz.Commenting.FunctionComment.EmptyThrows" />
	</rule>

	<exclude-pattern>*/vendor/*</exclude-pattern>
	<exclude-pattern>*/tests/*</exclude-pattern>
</ruleset>